{"entropy/guardian_entropy":13.817368417978287,"entropy/navigator_entropy":55.27866470813751,"_wandb":{"runtime":48},"iteration":2,"reward/broker":-0.0975561044137622,"reward/guardian":0.007895067461238315,"critic_loss":1.3488331958651543,"mean_ep_length":168,"loss/navigator_policy_loss":17.11106103658676,"mean_ep_reward":6.7909374625849654,"entropy/sentinel_entropy":27.631486654281616,"reward/navigator":0.44736057039092586,"reward/sentinel":-0.17974315882071318,"loss/broker_policy_loss":13.024840831756592,"loss/herald_policy_loss":20.057770937681198,"_step":2,"_timestamp":1.7770420672137768e+09,"entropy/broker_entropy":7.370235115289688,"fps":92.69489987050888,"entropy/stockpile_entropy":13.8184172809124,"vram_mb":32.991232,"total_steps":4096,"entropy/herald_entropy":27.62996244430542,"_runtime":48.8755131,"reward/herald":-0.04351630949188659,"loss/sentinel_policy_loss":2.2217806465923786,"loss/stockpile_policy_loss":17.88777157664299,"loss/guardian_policy_loss":17.64494153857231,"reward/stockpile":0.10231235261748925}