{"entropy/stockpile_entropy":14.974219799041748,"_timestamp":1.7770294941441433e+09,"loss/sentinel_policy_loss":1.1718010436743498,"iteration":52,"reward/navigator":0.4488541521035201,"mean_ep_reward":6.074901455457795,"_step":52,"loss/navigator_policy_loss":14.628915280103683,"reward/herald":-0.04259951000585502,"total_steps":106496,"entropy/navigator_entropy":60.07373929023743,"entropy/broker_entropy":7.998398080468178,"vram_mb":32.991232,"_wandb":{"runtime":1886},"entropy/herald_entropy":29.482157945632935,"reward/broker":-0.10036830883398029,"reward/sentinel":-0.19243267335229525,"loss/guardian_policy_loss":13.871963426470757,"entropy/sentinel_entropy":29.717025816440582,"loss/stockpile_policy_loss":16.70948886871338,"loss/broker_policy_loss":7.819757968187332,"reward/stockpile":0.09850893725976988,"loss/herald_policy_loss":13.168500691652298,"fps":40.60780750372287,"mean_ep_length":168,"critic_loss":1.798367012757808,"_runtime":1886.8723597,"reward/guardian":0.007851417728520044,"entropy/guardian_entropy":14.980563014745712}