{"reward/sentinel":-0.19235547297118988,"entropy/sentinel_entropy":30.435218572616577,"critic_loss":1.4310023486614227,"mean_ep_length":168,"loss/sentinel_policy_loss":1.79299963125e+07,"mean_ep_reward":5.885348712610337,"iteration":46,"entropy/stockpile_entropy":13.784077644348145,"reward/herald":-0.042979867380583944,"_step":46,"entropy/broker_entropy":7.351508140563965,"reward/navigator":0.441938296681916,"fps":145.37401128842023,"entropy/herald_entropy":27.56815528869629,"reward/broker":-0.11062146894308421,"reward/guardian":0.007913687306916046,"_timestamp":1.7768873572391472e+09,"loss/navigator_policy_loss":7.277984589454456e+19,"reward/stockpile":0.09928556230691615,"loss/guardian_policy_loss":2.4662061971689125e+20,"total_steps":23552,"loss/broker_policy_loss":4.7643648546749343e+23,"loss/herald_policy_loss":3.24547945281584e+28,"vram_mb":32.991232,"loss/stockpile_policy_loss":1.0803144408039761e+23,"entropy/navigator_entropy":61.03610706329346,"entropy/guardian_entropy":14.68587076663971,"_wandb":{"runtime":234},"_runtime":234.7992813}