{"entropy/navigator_entropy":74.2671594619751,"total_steps":409600,"mean_ep_reward":5.965127969955552,"loss/broker_policy_loss":9.522993430495262,"loss/sentinel_policy_loss":1.2667323648929596,"reward/broker":-0.10676118924640887,"entropy/broker_entropy":9.798905819654465,"loss/herald_policy_loss":12.739433839917183,"reward/stockpile":0.09754447481609196,"fps":137.01964048739487,"vram_mb":32.991232,"_runtime":3062.9680535,"critic_loss":1.5705839730799198,"reward/herald":-0.04301094510578322,"_step":200,"loss/stockpile_policy_loss":16.97624036669731,"reward/guardian":0.007856974816091782,"entropy/guardian_entropy":18.23898822069168,"iteration":200,"loss/guardian_policy_loss":14.076298356056213,"entropy/stockpile_entropy":18.225533068180084,"loss/navigator_policy_loss":14.66263660788536,"entropy/sentinel_entropy":36.52018868923187,"_wandb":{"runtime":3062},"reward/navigator":0.44664349825359156,"reward/sentinel":-0.18803370957584498,"_timestamp":1.7770460291411364e+09,"entropy/herald_entropy":33.67618942260742,"mean_ep_length":168}