{"reward/stockpile":-0.021645564246408237,"loss/broker_policy_loss":10.897043988108635,"total_steps":409600,"entropy/guardian_entropy":18.23075008392334,"reward/navigator":0.44664349825359156,"reward/broker":-0.07139204862140802,"mean_ep_reward":3.508670128704131,"entropy/navigator_entropy":74.2671594619751,"loss/sentinel_policy_loss":1.279622159898281,"_timestamp":1.7771449916902246e+09,"loss/guardian_policy_loss":15.329108327627182,"loss/stockpile_policy_loss":14.65693524479866,"entropy/broker_entropy":9.804155737161636,"_wandb":{"runtime":4723},"reward/guardian":0.007856974816091782,"loss/herald_policy_loss":13.839878410100937,"loss/navigator_policy_loss":14.711027175188065,"mean_ep_length":168,"critic_loss":1.5411663353443146,"_runtime":4723.0814494,"entropy/herald_entropy":33.51740539073944,"vram_mb":32.991232,"entropy/sentinel_entropy":36.51726675033569,"reward/sentinel":-0.18796508983406238,"entropy/stockpile_entropy":18.308664560317993,"iteration":200,"fps":86.22065581596377,"reward/herald":-0.04992207791828317,"_step":200}